,Name Of model,Score,Mean squared error
0,LinearRegression,0.2758066517414097,2123.4862070527865
1,RandomForestRegressor,0.7235533596179373,888.80907862666
2,RandomForest PolynomialFeatures,0.7291432575708268,870.8368868059955
3,Ridge,0.4669524442611399,1713.8117729543244
4,ensemble Regression,0.7209934035593838,897.0396441440528
5,XGBRegressor,0.5407516488792151,1476.538485894954
