,Name Of model,Score,Mean squared error
0,LinearRegression,0.37523926837709876,1519.7407197883178
1,RandomForestRegressor,0.63144318680447,851.9044475108724
2,RandomForest PolynomialFeatures,0.6934238281922831,708.6386546469599
3,Ridge,0.5878967154542347,952.5603878936352
4,ensemble Regression,0.7664315086192561,539.8842986524767
5,XGBRegressor,0.30126122073909856,1615.1069587875936
